Fecha_Hora;Tienda;Producto;Precio;Enlace
2026-08-14 11:46;Makro;Arroz Extra Añejo Premium FARAÓN Bolsa 10Kg;Agotado/Error;https://www.makro.plazavea.com.pe/arroz-extra-anejo-premium-faraon-bolsa-10-kg/p
2026-08-14 11:46;Metro;Arroz Blanco Extra Añejo Faraón Naranja 10kg;S/ 46.00;https://www.metro.pe/arroz-blanco-extra-anejo-faraon-naranja-10kg-570569-2/p
2026-08-14 11:46;Tottus;Arroz Faraón Extra Bolsa 5 Kg;S/  21.90;https://www.tottus.com.pe/tottus-pe/articulo/113707060/arroz-faraon-extra-bolsa-5-kg/113707061
2026-08-14 11:46;Makro;Arroz Extra Añejo FARAON Naranja Bolsa 5kg;S/23.90;https://www.makro.plazavea.com.pe/arroz-extra-faraon-bolsa-5kg/p
2026-08-14 11:46;Metro;Arroz Blanco Extra Añejo Faraón Naranja 5kg;S/ 21.80;https://www.metro.pe/arroz-blanco-extra-anejo-faraon-naranja-5kg-570522/p
2026-08-14 11:47;Vega;Arroz Extra FARAON Bolsa 5Kg;S/ 21.90;https://www.vega.pe/arroz-extra-faraon-bolsa-5kg-570363/p?srsltid=AfmBOorjohpFrp2-WcGVlig4v8mFyyx8OoJMcTTy27EQVvcXbjwJPcJv
2026-08-14 11:47;Makro;No disponible;Agotado/Error;https://www.makro.plazavea.com.pe/leche-reconstituida-entera-gloria-plancha-24-latas-390g-cu/p
2026-08-14 11:47;Vega;Leche Reconstituida GLORIA Entera Lata 390g Tableta 24u;S/ 87.20;https://www.vega.pe/leche-reconstituida-gloria-entera-lata-390g-tableta-24u-13010724/p?idsku=13010724&gad_source=1&gad_campaignid=20256210207&gbraid=0AAAAAB8CMhpTkXtw5PKBePXL-ZxRKRcYL&gclid=CjwKCAjwpqHTBhAcEiwAj2AfuhEZhSoCl22aQG3-QOBQBLLpQDuNkPqag4IDBJkvV9yYCHMkNkNtHRoCiJoQAvD_BwE
2026-08-14 11:47;Makro;Leche Reconstituida Entera GLORIA Lata 390g Paquete 6un;S/22.90;https://www.makro.plazavea.com.pe/leche-reconstituida-entera-gloria-lata-390g-paquete-6un-20402655/p
2026-08-14 11:47;Tottus;Leche Gloria Reconstituida Entera Sixpack Lata 390 g;S/  20.90;https://www.tottus.com.pe/tottus-pe/articulo/129087924/leche-gloria-reconstituida-entera-sixpack-lata-390-g/129087925
2026-08-14 11:47;Metro;Sixpack Leche Reconstituida Gloria Lata 390g;S/ 22.30;https://www.metro.pe/sixpack-leche-reconstituida-gloria-lata-390g-975289-2/p
2026-08-14 11:47;Vega;Leche Reconstituida GLORIA Entera Lata 390g Paquete 6u;S/ 23.80;https://www.vega.pe/leche-reconstituida-gloria-entera-lata-390g-paquete-6u-130108/p?idsku=130108&gad_source=1&gad_campaignid=20256210207&gbraid=0AAAAAB8CMhpTkXtw5PKBePXL-ZxRKRcYL&gclid=CjwKCAjwpqHTBhAcEiwAj2AfugmgOLvstRRuDp2LYm0z0eue-c7vi1cbghOl-CQwVgCKc1irkSBfehoCq7YQAvD_BwE
2026-08-14 11:48;Metro;Twelvepack Leche Reconstituida Gloria Lata 390g;S/ 45.60;https://www.metro.pe/twelvepack-leche-reconstituida-gloria-lata-390g-987550/p
2026-08-14 11:48;Vega;Leche Reconstituida GLORIA Entera Lata 390g x 12u;S/ 48.30;https://www.vega.pe/leche-reconstituida-gloria-entera-lata-390g-x-12u-13010712/p?idsku=13010712&gad_source=1&gad_campaignid=20256210207&gbraid=0AAAAAB8CMhpTkXtw5PKBePXL-ZxRKRcYL&gclid=CjwKCAjwpqHTBhAcEiwAj2AfuioKzB7aWdzD5Zte9w-v84XleWma2pTvFqpOScJXFX6UzB55mYRFHBoC1ZEQAvD_BwE
2026-08-14 11:48;Makro;Leche Reconstituida Entera GLORIA Lata 390g Paquete 12un;S/43.90;https://www.makro.plazavea.com.pe/leche-reconstituida-entera-gloria-lata-390g-paquete-12un-20422491/p
2026-08-14 11:48;Makro;Aceite Vegetal Premium PRIMOR Botella 900ml;S/9.80;https://www.makro.plazavea.com.pe/aceite-vegetal-premium-primor-botella-900ml/p
2026-08-14 11:48;Tottus;Aceite Vegetal Primor Premium Botella 900 mL;S/  9.50;https://www.tottus.com.pe/tottus-pe/articulo/113706602/aceite-vegetal-primor-premium-botella-900-ml/113706603?kid=shopp18to&gad_source=1&gad_campaignid=24057557471&gbraid=0AAAAAoLWC7ODBbtB740RHyagzI9z4_XQ1&gclid=CjwKCAjwpqHTBhAcEiwAj2AfulR8a-BALESeneUi59HQqY2Ul7sUCHQd91n7IF_gzv6fsnhlV-UeGRoCxlgQAvD_BwE
2026-08-14 11:48;Metro;Aceite Vegetal Primor Premium Botella 900ml;S/ 9.20;https://www.metro.pe/aceite-vegetal-primor-premium-botella-900ml-3198/p
2026-08-14 11:49;Vega;Aceite Vegetal PRIMOR Premium Botella 900ML;S/ 9.50;https://www.vega.pe/aceite-vegetal-primor-premium-botella-900ml-20020/p?idsku=20020&gad_source=1&gad_campaignid=20256210207&gbraid=0AAAAAB8CMhpTkXtw5PKBePXL-ZxRKRcYL&gclid=CjwKCAjwpqHTBhAcEiwAj2AfuiLxjn2ZMyWJ3GNX0xitscGcLEnxcvvPKV5V-3-uZ6ZEdMIN3pBuzhoCeYMQAvD_BwE
2026-08-14 11:49;Tambo;Aceite Primor Vegetal 900 ml;S/ 8.90;https://www.tambo.pe/pedir/Bt5vBFhYdLqqWzB5Q/aceite-primor-vegetal-900-ml?srsltid=AfmBOoo4ggQCAh_8pKaNAEmycwQj73AxEDFJjkrS6a1bBMibHFAvAWJa
2026-08-14 11:49;Makro;Azúcar Rubia CARTAVIO Bolsa 5Kg;S/21.50;https://www.makro.plazavea.com.pe/azucar-rubia-cartavio-bolsa-5kg/p
2026-08-14 11:49;Vega;Azúcar Rubia CARTAVIO Bolsa 5Kg;S/ 20.90;https://www.vega.pe/azucar-rubia-cartavio-bolsa-5kg-220015/p
2026-08-14 11:49;Makro;Trocitos de Atún con Aceite Vegetal FLORIDA Lata 140g Paquete 6un;S/27.50;https://www.makro.plazavea.com.pe/trocitos-de-atun-con-aceite-vegetal-florida-lata-140g-paquete-6un/p
2026-08-14 11:49;Metro;Pack x6 Trozos de Atún Florida en Aceite Vegetal;S/ 33.90;https://www.metro.pe/pack-x6-trozos-de-atun-florida-en-aceite-vegetal/p?srsltid=AfmBOooIftnUbfVYIOjhhaaNNcYOuvl_AUbCF_g_r9X0XhNQ3KTRodV5
2026-08-14 11:49;Vega;Trozos de Atún FLORIDA en Aceite Vegetal Lata 140gr Pack 6u;S/ 29.90;https://www.vega.pe/trozos-de-atun-florida-en-aceite-vegetal-lata-140gr-pack-6u-1904706/p?srsltid=AfmBOoq06gHlHBXPli10jBmAkciADH87mGljc_lqfObtDRMsktzlCUAm
